"mlg-toky-adala.mp3","adala"
"mlg-toky-adana.mp3","adana"
"mlg-toky-adiny.mp3","adiny"
"mlg-toky-afaka.mp3","afaka"
"mlg-toky-afo.mp3","afo"
"mlg-toky-afovoany.mp3","afovoany"
"mlg-toky-aho.mp3","aho"
"mlg-toky-aisy(EX).mp3","aisy"
"mlg-toky-aiza(QS).mp3","aiza?"
"mlg-toky-ajanona.mp3","ajanona"
"mlg-toky-akaiky.mp3","akaiky"
"mlg-toky-akio.mp3","akio"
"mlg-toky-ala.mp3","ala"
"mlg-toky-alahelo.mp3","alahelo"
"mlg-toky-alakamisy.mp3","alakamisy"
"mlg-toky-alalana.mp3","alalana"
"mlg-toky-alarobia.mp3","alarobia"
"mlg-toky-alika.mp3","alika"
"mlg-toky-alina.mp3","alina"
"mlg-toky-aloa.mp3","aloa"
"mlg-toky-aloka.mp3","aloka"
"mlg-toky-alona.mp3","alona"
"mlg-toky-amalona.mp3","amalona"
"mlg-toky-aman-dreny.mp3","aman-dreny"
"mlg-toky-amboarina.mp3","amboarina"
"mlg-toky-ambony.mp3","ambony"
"mlg-toky-amidy.mp3","amidy"
"mlg-toky-amintsika.mp3","amintsika"
"mlg-toky-ampahazatony.mp3","ampahazatony"
"mlg-toky-ampondra.mp3","ampondra"
"mlg-toky-anana.mp3","anana"
"mlg-toky-andavanandro.mp3","andavanandro"
"mlg-toky-ando.mp3","ando"
"mlg-toky-andra.mp3","andra"
"mlg-toky-andrana.mp3","andrana"
"mlg-toky-andro.mp3","andro"
"mlg-toky-anelanelany.mp3","anelanelany"
"mlg-toky-angidina.mp3","angidina"
"mlg-toky-angona.mp3","angona"
"mlg-toky-an(AP)i.mp3","an'i"
"mlg-toky-anjara.mp3","anjara"
"mlg-toky-ankavanana.mp3","ankavanana"
"mlg-toky-antenatenany.mp3","antenatenany"
"mlg-toky-antra.mp3","antra"
"mlg-toky-antsa.mp3","antsa"
"mlg-toky-antso.mp3","antso"
"mlg-toky-aorina.mp3","aorina"
"mlg-toky-aotra.mp3","aotra"
"mlg-toky-araka.mp3","araka"
"mlg-toky-arina.mp3","arina"
"mlg-toky-aro.mp3","aro"
"mlg-toky-aromoka.mp3","aromoka"
"mlg-toky-arovy(EX).mp3","arovy"
"mlg-toky-ary.mp3","ary"
"mlg-toky-asiana.mp3","asiana"
"mlg-toky-atao.mp3","atao"
"mlg-toky-atosika.mp3","atosika"
"mlg-toky-atsimo.mp3","atsimo"
"mlg-toky-baiboly.mp3","Baiboly"
"mlg-toky-bala.mp3","bala"
"mlg-toky-banjino(EX).mp3","banjino"
"mlg-toky-baranjely.mp3","baranjely"
"mlg-toky-be.mp3","be"
"mlg-toky-belza.mp3","belza"
"mlg-toky-besavily.mp3","besavily"
"mlg-toky-betsaka.mp3","betsaka"
"mlg-toky-bibikely.mp3","bibikely"
"mlg-toky-bodofotsy.mp3","bodofotsy"
"mlg-toky-boky.mp3","boky"
"mlg-toky-dada.mp3","dada"
"mlg-toky-daholo.mp3","daholo"
"mlg-toky-daty.mp3","daty"
"mlg-toky-desambra.mp3","desambra"
"mlg-toky-dia.mp3","dia"
"mlg-toky-dibera.mp3","dibera"
"mlg-toky-dipoavatra.mp3","dipoavatra"
"mlg-toky-efa.mp3","efa"
"mlg-toky-efitra.mp3","efitra"
"mlg-toky-ekena.mp3","ekena"
"mlg-toky-ela.mp3","ela"
"mlg-toky-elo.mp3","elo"
"mlg-toky-enga.mp3","enga"
"mlg-toky-entana.mp3","entana"
siny","eran'ny
"mlg-toky-erotra.mp3","erotra"
"mlg-toky-eto.mp3","eto"
"mlg-toky-ezaka.mp3","ezaka"
"mlg-toky-fafa.mp3","fafa"
"mlg-toky-fahadisoam-panantenana.mp3","fahadisoam-panantenana"
"mlg-toky-fahalavorary.mp3","fahalavorary"
"mlg-toky-faharoa.mp3","faharoa"
"mlg-toky-fahatelo.mp3","fahatelo"
"mlg-toky-fahatsiarovana.mp3","fahatsiarovana"
"mlg-toky-fahefany.mp3","fahefany"
"mlg-toky-fahosana.mp3","fahosana"
"mlg-toky-fakantsary.mp3","fakantsary"
"mlg-toky-faly.mp3","faly"
"mlg-toky-fambolena.mp3","fambolena"
"mlg-toky-famindra.mp3","famindra"
"mlg-toky-fampitsitsirana.mp3","fampitsitsirana"
"mlg-toky-fan-.mp3","fan-"
"mlg-toky-fanafody.mp3","fanafody"
"mlg-toky-fanahy.mp3","fanahy"
"mlg-toky-fanalahidy.mp3","fanalahidy"
"mlg-toky-fanandramana.mp3","fanandramana"
"mlg-toky-fanantenana.mp3","fanantenana"
"mlg-toky-fanapahan-kevitra.mp3","fanapahan-kevitra"
"mlg-toky-fandeferana.mp3","fandeferana"
"mlg-toky-fandriam-pahalemana.mp3","fandriam-pahalemana"
"mlg-toky-fanetren-tena.mp3","fanetren-tena"
"mlg-toky-farany.mp3","farany"
"mlg-toky-farihy.mp3","farihy"
"mlg-toky-fe.mp3","fe"
"mlg-toky-fety.mp3","fety"
"mlg-toky-fianakaviana.mp3","fianakaviana"
"mlg-toky-fiangonana.mp3","fiangonana"
"mlg-toky-fify.mp3","fify"
"mlg-toky-fijanonana.mp3","fijanonana"
"mlg-toky-firy(QS).mp3","firy?"
"mlg-toky-fito.mp3","fito"
"mlg-toky-fitonjato.mp3","fitonjato"
"mlg-toky-fivarotam-panafody.mp3","fivarotam-panafody"
"mlg-toky-fivoahana.mp3","fivoahana"
"mlg-toky-fo.mp3","fo"
"mlg-toky-fohy.mp3","fohy"
"mlg-toky-folo.mp3","folo"
"mlg-toky-fotsy.mp3","fotsy"
"mlg-toky-gana.mp3","gana"
"mlg-toky-gara.mp3","gara"
"mlg-toky-gazety.mp3","gazety"
"mlg-toky-gisa.mp3","gisa"
"mlg-toky-haingana.mp3","haingana"
"mlg-toky-handrina.mp3","handrina"
"mlg-toky-hariva.mp3","hariva"
"mlg-toky-hatraiza(QS).mp3","hatraiza"
"mlg-toky-havanana.mp3","havanana"
"mlg-toky-herinandro.mp3","herinandro"
"mlg-toky-hopitaly.mp3","hopitaly"
"mlg-toky-ianao.mp3","ianao"
"mlg-toky-inona(QS).mp3","inona"
"mlg-toky-iray.mp3","iray"
"mlg-toky-isika.mp3","isika"
"mlg-toky-iza(QS).mp3","iza"
"mlg-toky-izao.mp3","izao"
"mlg-toky-izy.mp3","izy"
"mlg-toky-janoary.mp3","janoary"
"mlg-toky-jolay.mp3","jolay"
"mlg-toky-kafe.mp3","kafe"
"mlg-toky-kakao.mp3","kakao"
"mlg-toky-kamo.mp3","kamo"
"mlg-toky-kaopy.mp3","kaopy"
"mlg-toky-kely.mp3","kely"
"mlg-toky-kibo.mp3","kibo"
"mlg-toky-kiraro.mp3","kiraro"
"mlg-toky-kisoa.mp3","kisoa"
"mlg-toky-labiera.mp3","labiera"
"mlg-toky-lakana.mp3","lakana"
"mlg-toky-lalana.mp3","lalana"
"mlg-toky-lalina.mp3","lalina"
"mlg-toky-lanitra.mp3","lanitra"
"mlg-toky-latabatra.mp3","latabatra"
"mlg-toky-lavitra.mp3","lavitra"
"mlg-toky-lehibe.mp3","lehibe"
"mlg-toky-liona.mp3","liona"
"mlg-toky-lobaka.mp3","lobaka"
"mlg-toky-loha.mp3","loha"
"mlg-toky-lolo.mp3","lolo"
"mlg-toky-loso.mp3","loso"
"mlg-toky-lovia.mp3","lovia"
"mlg-toky-madio.mp3","madio"
"mlg-toky-mafana.mp3","mafana"
"mlg-toky-mahafinaritra.mp3","mahafinaritra"
"mlg-toky-mahantra.mp3","mahantra"
"mlg-toky-mahay.mp3","mahay"
"mlg-toky-mahitsy.mp3","mahitsy"
"mlg-toky-mailo.mp3","mailo"
"mlg-toky-mainty.mp3","mainty"
"mlg-toky-maizina.mp3","maizina"
"mlg-toky-malefaka.mp3","malefaka"
"mlg-toky-mamaky.mp3","mamaky"
"mlg-toky-mamita.mp3","mamita"
"mlg-toky-mampifaly.mp3","mampifaly"
"mlg-toky-mamy.mp3","mamy"
"mlg-toky-manakatona.mp3","manakatona"
"mlg-toky-manampy.mp3","manampy"
"mlg-toky-manao.mp3","manao"
"mlg-toky-mandeha.mp3","mandeha"
"mlg-toky-mandray.mp3","mandray"
"mlg-toky-manga.mp3","manga"
"mlg-toky-mangatsiaka.mp3","mangatsiaka"
"mlg-toky-maninona(QS).mp3","maninona"
"mlg-toky-mankaiza(QS).mp3","mankaiza"
"mlg-toky-manohy.mp3","manohy"
"mlg-toky-manomboka.mp3","manomboka"
"mlg-toky-manontany.mp3","manontany"
"mlg-toky-maraina.mp3","maraina"
"mlg-toky-marikivy.mp3","marikivy"
"mlg-toky-martsa.mp3","martsa"
"mlg-toky-maso.mp3","maso"
"mlg-toky-matory.mp3","matory"
"mlg-toky-maty.mp3","maty"
"mlg-toky-mavo.mp3","mavo"
"mlg-toky-mena.mp3","mena"
varotra","miady
"mlg-toky-miainga.mp3","miainga"
"mlg-toky-mianatra.mp3","mianatra"
"mlg-toky-miaramila.mp3","miaramila"
"mlg-toky-miasa.mp3","miasa"
"mlg-toky-mifaly.mp3","mifaly"
"mlg-toky-mihaona.mp3","mihaona"
"mlg-toky-mihinana.mp3","mihinana"
"mlg-toky-mihomehy.mp3","mihomehy"
"mlg-toky-mijery.mp3","mijery"
"mlg-toky-milomano.mp3","milomano"
"mlg-toky-mipetraka.mp3","mipetraka"
"mlg-toky-misakafo.mp3","misakafo"
"mlg-toky-misotro.mp3","misotro"
"mlg-toky-miteny.mp3","miteny"
"mlg-toky-mitondra.mp3","mitondra"
"mlg-toky-mitsangantsangana.mp3","mitsangantsangana"
"mlg-toky-mivarotra.mp3","mivarotra"
"mlg-toky-mividy.mp3","mividy"
"mlg-toky-mody.mp3","mody"
"mlg-toky-mora.mp3","mora"
"mlg-toky-mosara.mp3","mosara"
"mlg-toky-mpampianatra.mp3","mpampianatra"
"mlg-toky-mpanjaka.mp3","mpanjaka"
"mlg-toky-mpianatra.mp3","mpianatra"
"mlg-toky-mpitsabo.mp3","mpitsabo"
"mlg-toky-nahoana(QS).mp3","nahoana"
"mlg-toky-neny.mp3","neny"
"mlg-toky-ngeza.mp3","ngeza"
"mlg-toky-nify.mp3","nify"
"mlg-toky-nono.mp3","nono"
"mlg-toky-nosy.mp3","nosy"
"mlg-toky-novambra.mp3","novambra"
"mlg-toky-ohatrinona.mp3","ohatrinona"
"mlg-toky-oktobra.mp3","oktobra"
"mlg-toky-omaly.mp3","omaly"
"mlg-toky-omby.mp3","omby"
"mlg-toky-ondana.mp3","ondana"
"mlg-toky-orona.mp3","orona"
"mlg-toky-osy.mp3","osy"
"mlg-toky-oviana(QS).mp3","oviana"
"mlg-toky-paoma.mp3","paoma"
"mlg-toky-parasy.mp3","parasy"
"mlg-toky-pataloa.mp3","pataloa"
"mlg-toky-poara.mp3","poara"
"mlg-toky-rahampitso.mp3","rahampitso"
"mlg-toky-rahoviana(QS).mp3","rahoviana"
"mlg-toky-ramatoa.mp3","ramatoa"
"mlg-toky-ranjo.mp3","ranjo"
"mlg-toky-rano.mp3","rano"
"mlg-toky-ranomasina.mp3","ranomasina"
"mlg-toky-ranomboankazo.mp3","ranomboankazo"
"mlg-toky-rantsantanana.mp3","rantsantanana"
"mlg-toky-ratsy.mp3","ratsy"
"mlg-toky-renirano.mp3","renirano"
"mlg-toky-rindrina.mp3","rindrina"
"mlg-toky-roa.mp3","roa"
"mlg-toky-ronono.mp3","ronono"
"mlg-toky-sabotsy.mp3","sabotsy"
"mlg-toky-saka.mp3","saka"
"mlg-toky-sakay.mp3","sakay"
"mlg-toky-sambo.mp3","sambo"
"mlg-toky-sandry.mp3","sandry"
"mlg-toky-sarotra.mp3","sarotra"
"mlg-toky-satroka.mp3","satroka"
"mlg-toky-sekoly.mp3","sekoly"
"mlg-toky-septambra.mp3","septambra"
"mlg-toky-servieta.mp3","servieta"
"mlg-toky-seza.mp3","seza"
"mlg-toky-simba.mp3","simba"
"mlg-toky-sira.mp3","sira"
"mlg-toky-siramamy.mp3","siramamy"
"mlg-toky-sivifolo.mp3","sivifolo"
"mlg-toky-soavaly.mp3","soavaly"
"mlg-toky-sofina.mp3","sofina"
"mlg-toky-sokatra.mp3","sokatra"
"mlg-toky-somizo.mp3","somizo"
"mlg-toky-soroka.mp3","soroka"
"mlg-toky-sotro.mp3","sotro"
"mlg-toky-tafo.mp3","tafo"
"mlg-toky-takariva.mp3","takariva"
"mlg-toky-takotra.mp3","takotra"
"mlg-toky-tanana.mp3","tanana"
"mlg-toky-tanety.mp3","tanety"
"mlg-toky-tanimbary.mp3","tanimbary"
"mlg-toky-tanora.mp3","tanora"
"mlg-toky-tantely.mp3","tantely"
"mlg-toky-tany.mp3","tany"
"mlg-toky-tavoahangy.mp3","tavoahangy"
"mlg-toky-telo.mp3","telo"
"mlg-toky-telonjato.mp3","telonjato"
"mlg-toky-tenda.mp3","tenda"
"mlg-toky-tendrombohitra.mp3","tendrombohitra"
"mlg-toky-tetezana.mp3","tetezana"
"mlg-toky-tohatra.mp3","tohatra"
"mlg-toky-tolakandro.mp3","tolakandro"
"mlg-toky-tonga.mp3","tonga"
"mlg-toky-tongotra.mp3","tongotra"
"mlg-toky-trano.mp3","trano"
"mlg-toky-trondro.mp3","trondro"
"mlg-toky-tsara.mp3","tsara"
"mlg-toky-tsena.mp3","tsena"
"mlg-toky-tsindrona.mp3","tsindrona"
"mlg-toky-valo.mp3","valo"
"mlg-toky-vaovao.mp3","vaovao"
"mlg-toky-varavarana.mp3","varavarana"
"mlg-toky-vary.mp3","vary"
"mlg-toky-vava.mp3","vava"
"mlg-toky-vehivavy.mp3","vehivavy"
"mlg-toky-vetivety.mp3","vetivety"
"mlg-toky-vidy.mp3","vidy"
"mlg-toky-vilany.mp3","vilany"
"mlg-toky-vitsy.mp3","vitsy"
"mlg-toky-voaloboka.mp3","voaloboka"
"mlg-toky-voankazo.mp3","voankazo"
"mlg-toky-voaroy.mp3","voaroy"
"mlg-toky-voasary.mp3","voasary"
"mlg-toky-voay.mp3","voay"
"mlg-toky-voky.mp3","voky"
"mlg-toky-volana.mp3","volana"
"mlg-toky-volo.mp3","volo"
"mlg-toky-volombitsika.mp3","volombitsika"
"mlg-toky-volomparasy.mp3","volomparasy"
"mlg-toky-volontsokola.mp3","volontsokola"
"mlg-toky-vorona.mp3","vorona"
"mlg-toky-zanaka.mp3","zanaka"
"mlg-toky-zato.mp3","zato"
"mlg-toky-zazakely.mp3","zazakely"
"mlg-toky-zom√†.mp3","zoma"
